X,Y,OBJECTID,ORGANIZATION_NAME,PROGRAM_NAME,DESCRIPTION,WEBSITE_URL,STREET_ADDRESS,CITY,STATE,ZIP,ACCESSIBILITY_SERVICES,ADULT_LITERACY,ART_THERAPY,ASSESSMENT,BORROW_MATERIALS,CASE_MANAGEMENT,CHILD_CARE,CLOTHING,COMPUTERS,DENTAL_SERVICES,DOCUMENTATION_ASSISTANCE,DOMESTIC_VIOLENCE_SERVICES,FOOD_GROCERIES,GROUPS,HAIRCUTS,HARM_REDUCTION,HIV_TESTING,HOUSING,HOUSING_NAVIGATION,INCOME_TAX_HELP,LAUNDRY,LIBRARY_CARD,LEGAL_SERVICES,MEDICAL_BENEFITS,MEDICAL_SERVICES,MAIL,MEALS,MENTAL_HEALTH,MINISTRY,PHONE,PUBLIC_RESTROOMS,REFRESHMENTS,SHOWERS,SNAP_FOOD_STAMPS,STORAGE,SUBSTANCE_ABUSE_TREATMENT,SUPPORTED_EMPLOYMENT,TANF_FINANCIAL_ASSISTANCE,TRANSPORTATION,VOCATIONAL_TRAINING,CLIENTS_SERVED_PER_DAY,TARGET,OPEN_TO_PUBLIC,HOURS_OF_OPERATION,RECORD_LAST_UPDATED,MARID,LATITUDE,LONGITUDE,LGBTQ_FOCUSED,PHONE_NUMBER,XCOORD,YCOORD,WARD
-77.022955412080904,38.897215048073882,52,National Portrait Gallery,Public Restrooms,,https://dcdhs.dc.gov/page/downtown-washington-dc-public-restrooms,8TH STREET NW AND F STREET NW,Washington ,DC,,,,,,,,,,,,,,,,,,,,,,,,,,,,,,,,Yes,,,,,,,,,,,Men & Women,,,2017-09-12T00:00:00.000Z,901542,38.89720759,-77.02295312,,,398008.87964411,136595.53545219,
-77.006171265615919,38.910821867449911,53,Pathways to Housing,Administrative Office & Health Clinic,,https://www.pathwaystohousingdc.org/,101 Q STREET NE,Washington ,DC,20002,,,,,,Yes,,,,,,,,,,,,Yes,Yes,,,,,,Yes,,,Yes,,,,,,,,,Yes,,,,,Men & Women,By Appointment,,2017-09-12T00:00:00.000Z,75978,38.91081441,-77.00616898,,,399464.96,138105.77,Ward 5
-77.011432166196641,38.90805455788152,54,S.O.M.E. ,Isaiah House Day Program,,http://some.org/services/mental-health-services/#IH,75 HANOVER PLACE NW,Washington ,DC,20001,,,Yes,,,Yes,,,,,,,,,,,,,,,Yes,,,,,Yes,Yes,,,,,,Yes,,,,,,,,50,Men & Women,Yes,,2017-09-12T00:00:00.000Z,279927,38.9080471,-77.01142988,,,399008.64,137798.62,Ward 5
-77.011434035260905,38.908925484644634,55,S.O.M.E. ,"Dining, Shower, and Clothing Programs",,http://some.org/services/dining-clothing-and-shower-rooms/,71 O STREET NW,Washington ,DC,20001,,,,,,,,Yes,,,,,,,,,,,,,,,,,,,Yes,,,,,,Yes,,,,,,,,400,Men & Women,Yes,,2017-09-12T00:00:00.000Z,236922,38.90891803,-77.01143175,,,399008.49,137895.3,Ward 5
-77.011102914115725,38.908249530271341,56,S.O.M.E. ,Medical & Behavioral Health Clinic,,http://some.org/services/health-services/,60 O STREET NW,Washington ,DC,20001,,,,,,,,,,Yes,,,,,,,,,,,,,,,Yes,,,Yes,,,,,,,,,,,,,,,,,2017-09-12T00:00:00.000Z,236940,38.90824208,-77.01110063,,,399037.2,137820.26,Ward 5
-77.035696783082543,38.931055584242472,57,Sacred Heart,Dinner Program,,http://dinnerprogram.org/,3211 PINE STREET NW,Washington ,DC,20010,,,,,,,,Yes,,,,,,,Yes,,,,,,,,Yes,,,,Yes,,,,,,,,,,,,,Yes,100,Men & Women,Yes,,2017-09-12T00:00:00.000Z,234407,38.93104813,-77.03569449,,,396905.07,140352.47,Ward 1
-76.974171626365148,38.917848922305382,58,Salvation Army,Emergency Assistance,,http://salvationarmynca.org/ways-we-help/families-in-need/,2100 NEW YORK AVENUE NE,Washington ,DC,20002,,,,,,Yes,,Yes,,,,,Yes,,,,,,Yes,,,,,,,,,,,,,,,,,,,,Yes,,,,,,2017-09-12T00:00:00.000Z,286616,38.91784146,-76.97416935,,,402240.09,138886.13,Ward 5
-77.035848622603623,38.952741646918824,59,Samaritan Ministry of Greater Washington,The Next Step Program (Admin Offices),,https://www.samaritanministry.org/program,1516 HAMILTON STREET NW,Washington ,DC,20011,,,,,,Yes,,Yes,Yes,,Yes,,,,,,,,Yes,,,,Yes,,,Yes,,,Yes,Yes,,,,Yes,,Yes,,Yes,,Yes,,Men & Women,Yes,,2017-09-12T00:00:00.000Z,255812,38.95273418,-77.03584632,,,396892.85,142759.82,Ward 4
-76.985887575047514,38.865853963983504,60,Samaritan Ministry of Greater Washington,The Next Step Program (SE DC Offices),,https://www.samaritanministry.org/program,1345 U STREET SE,Washington ,DC,20020,,,,,,Yes,,Yes,Yes,,Yes,,,,,,,,Yes,,,,Yes,,,Yes,,,Yes,Yes,,,,Yes,,Yes,,Yes,,Yes,,Men & Women,Yes,,2017-09-12T00:00:00.000Z,286088,38.86584652,-76.9858853,,,401224.95,133114.06,Ward 8
-77.01335305748043,38.905387342155855,61,Samaritan Ministry of Greater Washington,The Next Step Program (Perry School Center),,https://www.samaritanministry.org/program,128 M STREET NW,Washington ,DC,20001,,,,,,Yes,,Yes,Yes,,Yes,,,,,,,,Yes,,,,Yes,,,Yes,,,Yes,Yes,,,,Yes,,Yes,,Yes,,Yes,,Men & Women,Yes,,2017-09-12T00:00:00.000Z,279016,38.90537989,-77.01335077,,,398841.99,137502.56,Ward 6
-76.968954678594002,38.860492753036752,62,Samaritan Ministry of Greater Washington,The Next Step Program (Skyland Workforce Center),,https://www.samaritanministry.org/program,2509 GOOD HOPE ROAD SE,Washington ,DC,20020,,,,,,Yes,,Yes,Yes,,Yes,,,,,,,,Yes,,,,Yes,,,Yes,,,Yes,Yes,,,,Yes,,Yes,,Yes,,Yes,,Men & Women,Yes,,2017-09-12T00:00:00.000Z,299792,38.86048531,-76.96895241,,,402694.68,132519.29,Ward 8
-76.995286621452806,38.879869274301058,63,Sasha Bruce Youth Work,Drop-In Center (Barraks Row),,http://www.sashabruce.org/programs/safehomes/drop-in-center/,741 8TH STREET SE,Washington ,DC,20003,,,,Yes,,,,,Yes,,,,Yes,,,Yes,,,,,Yes,,,,Yes,,Yes,,,,,,Yes,,,,,,,Yes,30,Youth,Yes,,2017-09-12T00:00:00.000Z,151137,38.87986182,-76.99528434,,,400409.17,134669.78,Ward 6
-77.03605394396476,38.93192270449515,64,The Family Place,Emergency Brief Services,,http://www.thefamilyplacedc.org/?page_id=204,3309 16TH STREET NW,Washington ,DC,20010,,,,,,,,,,,,,Yes,,,,,,,,,,,,,,,,,,,,,,,,,,,,15,Women ,Yes,,2017-09-12T00:00:00.000Z,234409,38.93191525,-77.03605165,,,396874.14,140448.74,Ward 1
-77.033652401769388,38.926161613683178,65,The Salvation Army,Social Services,,http://salvationarmynca.org/ways-we-help/families-in-need/,1434 HARVARD STREET NW,Washington ,DC,20009,,,,,,,,,,,,,,,,,,,,,,,,,,,,,,,,,,,,,,,,,,Men & Women,,,2017-09-12T00:00:00.000Z,234319,38.92615416,-77.03365011,,,397082.13,139809.13,Ward 1
-76.991372473171452,38.863098192949629,66,The Salvation Army,Social Services,,http://salvationarmynca.org/ways-we-help/families-in-need/,2300 MARTIN LUTHER KING JR AVENUE SE,Washington ,DC,20020,,,,,,,,,,,,,,,,,,,,,,,,,,,,,,,,,,,,,,,,,,Men & Women,,,2017-09-12T00:00:00.000Z,307921,38.86309075,-76.99137019,,,400748.97,132808.09,Ward 8
-77.035750132498251,38.933487270457697,67,ThriveDC,Morning Program,,https://www.thrivedc.org/,1525 NEWTON STREET NW,Washington ,DC,20010,,,Yes,,,Yes,,Yes,,,,,Yes,,,,,,,,Yes,,,,,Yes,Yes,,,,,,Yes,,,,,,,,200,Men & Women,Yes,,2017-09-12T00:00:00.000Z,234587,38.93347981,-77.03574784,,,396900.55,140622.41,Ward 1
-77.006181414019551,38.897546256332852,68,Union Station,Public Restrooms,,https://dcdhs.dc.gov/page/downtown-washington-dc-public-restrooms,50 MASSACHUSETTS AVENUE NE,Washington ,DC,20002,,,,,,,,,,,,,,,,,,,,,,,,,,,,,,,Yes,,,,,,,,,,,Men & Women,,,2017-09-12T00:00:00.000Z,293243,38.8975388,-77.00617913,,,399463.98,136632.07,Ward 6
-77.032802029756368,38.895139462888345,69,White House Visitors Center,Public Restrooms,,https://dcdhs.dc.gov/page/downtown-washington-dc-public-restrooms,1450 PENNSYLVANIA AVENUE NW,Washington ,DC,20004,,,,,,,,,,,,,,,,,,,,,,,,,,,,,,,Yes,,,,,,,,,,,Men & Women,,,2017-09-12T00:00:00.000Z,293208,38.89513201,-77.03279974,,,397154.63,136365.39,Ward 2
-77.031634075509288,38.910482817415144,70,Whitman Walker Health,Whitman Walker 1525,,https://www.whitman-walker.org/location/1525-14th-st-nw/,1525 14TH STREET NW,Washington ,DC,20005,,,,,,Yes,,,,Yes,,,,,,,,,,,,,Yes,,Yes,,,Yes,,,,,,,,,,,,,,Men & Women,By Appointment,,2017-12-19T00:00:00.000Z,300332,38.91047536,-77.03163178,Yes,,397256.54,138068.59,Ward 2
-76.991263312309343,38.863468340718967,71,Whitman Walker Health,Max Robinson Center,,https://www.whitman-walker.org/location/max-robinson-center/,2301 MARTIN LUTHER KING JR AVENUE SE,Washington,DC,20020,,,,,,Yes,,,,Yes,,,,,,,Yes,,,,,,Yes,,Yes,,,Yes,,,,,,,,,,,,,,Men & Women,By Appointment,,2017-12-19T00:00:00.000Z,48991,38.86346089,-76.99126103,Yes,,400758.44,132849.18,Ward 8
-77.031131628386646,38.920050165389284,72,Whitman Walker Health,Whitman-Walker WeWork Manhattan Laundry,,https://www.whitman-walker.org/location/whitman-walker-wework/,1342 FLORIDA AVENUE NW,Washington,DC,20009,,,,,,Yes,,,,,,,,,,,,,,,,,Yes,,,,,,,,,,,,,,,,,,,Men & Women,By Appointment,,2017-12-19T00:00:00.000Z,314690,38.92004237,-77.03112933,Yes,,397300.48,139130.63,Ward 1
-76.983566733168615,38.863107084506083,73,Unity Health,Anacostia Health Center (Ward 8),,https://unityhealthcare.org/find-a-center/,1500 GALEN STREET SE,Washington,DC,20020,,,,,,,,,,,,,,,,,,,,,,,,,,,,,,,,,,,,,,,,,,Men & Women,By Appointment,,2017-09-12T00:00:00.000Z,277592,38.86309964,-76.98356446,,,401426.42,132809.17,Ward 8
-76.98935494987083,38.92168766822833,74,Unity Health,Brentwood Health Center (Ward 5),,https://unityhealthcare.org/find-a-center/,1251 SARATOGA AVENUE NE,Washington,DC,20018,,,,,,,,,,,,,,,,,,,,,,,,,,,,,,,,,,,,,,,,,,Men & Women,By Appointment,,2017-09-12T00:00:00.000Z,69666,38.92168021,-76.98935267,,,400923.31,139312,Ward 5
-77.03881270520165,38.924898308572601,75,Unity Health,Columbia Road Health Services (Ward 1),,https://unityhealthcare.org/find-a-center/,1660 COLUMBIA ROAD NW,Washington,DC,20009,,,,,,,,,,,,,,,,,,,,,,,,,,,,,,,,,,,,,,,,,,Men & Women,By Appointment,,2017-09-12T00:00:00.000Z,276384,38.92489085,-77.03881041,,,396634.61,139669.07,Ward 1
-76.937511861154178,38.891172140230701,76,Unity Health,East of the River Health Center (Ward 7),,https://unityhealthcare.org/find-a-center/,123 45TH STREET NE,Washington,DC,20019,,,,,,,,,,,,,,,,,,,,,,,,,,,,,,,,,,,,,,,,,,Men & Women,By Appointment,,2017-09-12T00:00:00.000Z,301415,38.89116469,-76.9375096,,,405421.33,135926.33,Ward 7
-76.951308445216199,38.893930944093476,77,Unity Health,Minnessota Ave Health Center (Ward 7),,https://unityhealthcare.org/find-a-center/,3924 MINNESOTA AVENUE NE,Washington,DC,20019,,,,,,,,,,,,,,,,,,,,,,,,,,,,,,,,,,,,,,,,,,Men & Women,By Appointment,,2017-09-12T00:00:00.000Z,288039,38.89392349,-76.95130618,,,404224.25,136231.85,Ward 7
-76.947464867308241,38.900428184523022,78,Unity Health,Parkside Health Center (Ward 7),,https://unityhealthcare.org/find-a-center/,765 KENILWORTH TERRACE NE,Washington,DC,20019,,,,,,,,,,,,,,,,,,,,,,,,,,,,,,,,,,,,,,,,,,Men & Women,By Appointment,,2017-09-12T00:00:00.000Z,310407,38.90042073,-76.9474626,,,404557.27,136953.28,Ward 7
-77.01242853400872,38.879542423824006,79,Unity Health,Southwest Health Center (Ward 6),,https://unityhealthcare.org/find-a-center/,850 DELAWARE AVENUE SW,Washington,DC,20024,,,,,,,,,,,,,,,,,,,,,,,,,,,,,,,,,,,,,,,,,,Men & Women,By Appointment,,2017-09-12T00:00:00.000Z,276851,38.87953497,-77.01242625,,,398921.79,134633.56,Ward 6
-76.98064729191421,38.849275366276196,80,Unity Health,Stanton Road Health Center (Ward 8),,https://unityhealthcare.org/find-a-center/,3240 STANTON ROAD SE,Washington,DC,20020,,,,,,,,,,,,,,,,,,,,,,,,,,,,,,,,,,,,,,,,,,Men & Women,By Appointment,,2017-09-12T00:00:00.000Z,156534,38.84926792,-76.98064502,,,401680.12,131273.8,Ward 8
-77.033032545196946,38.92817749133588,81,Unity Health,Upper Cardozo Health Center (Ward 1),,https://unityhealthcare.org/find-a-center/,3020 14TH STREET NW,Washington,DC,20009,,,,,,,,,,,,,,,,,,,,,,,,,,,,,,,,,,,,,,,,,,Men & Women,By Appointment,,2017-09-12T00:00:00.000Z,242939,38.92817003,-77.03303025,,,397135.96,140032.89,Ward 1
-77.007674783465774,38.906658751347379,82,Unity Health,Walker Jones Health Center (Ward 6),,https://unityhealthcare.org/find-a-center/,40 PATTERSON STREET NE,Washington,DC,20002,,,,,,,,,,,,,,,,,,,,,,,,,,,,,,,,,,,,,,,,,,Men & Women,By Appointment,,2017-09-12T00:00:00.000Z,28515,38.9066513,-77.0076725,,,399334.52,137643.64,Ward 6
-77.013299219786091,38.895511573694989,83,Jobs Have Priority,DC HEAC,,https://www.jobshavepriority.org/employment-assistance,425 2ND STREET NW,Washington,DC,20001,,,,,,,,,Yes,,,,,,,,,,,,,,,,,,,,,,,,,,,,,,,Yes,,Men & Women,Yes,,2017-09-12T00:00:00.000Z,299726,38.89550412,-77.01329693,,,398846.5,136406.27,Ward 6
-76.972159064603275,38.900233090027051,1,Anacostia Community Outreach Center (ACOC),Food Pantry & Computer Center,,http://www.anacostiaoutreach.org/wordpress/,711 24TH STREET NE,Washington ,DC,20002,,,,,,,,,Yes,,,,Yes,,,,,,,,,,,,,,,,,,,,,,,,,,,,50,Men & Women,Yes,,2017-09-12T00:00:00.000Z,291073,38.90022564,-76.97215679,,,402415.22,136930.68,Ward 5
-76.993253177286832,38.861403112396481,2,Bethlehem Baptist Outreach Center,BBC Outreach Center,,http://washington.dc.networkofcare.org/mh/services/agency.aspx?pid=BethlehemBaptistChurchOutreachCenter_1347_2_0,2458 MARTIN LUTHER KING JR AVENUE SE,Washington ,DC,20020,,,,,,,,Yes,,,,,Yes,,,,,,,,,,,,,,,,Yes,,,,,,,,,,,,15,,Yes,,2017-09-12T00:00:00.000Z,287071,38.86139567,-76.9932509,,,400585.76,132619.91,Ward 8
-76.981056828015213,38.866208121718188,3,Bread for the City,Southeast Center,,https://breadforthecity.org/,1640 GOOD HOPE ROAD SE,Washington ,DC,20020,,,,,,Yes,,Yes,,,Yes,,Yes,,,,,,Yes,,,,Yes,,,,,,,,,,,Yes,,,,Yes,,,25,Men & Women,By Appointment,,2017-09-12T00:00:00.000Z,286380,38.86620067,-76.98105455,,,401644.18,133153.45,Ward 8
-77.021627240483525,38.910339433450609,4,Bread for the City,Northwest Center,,https://breadforthecity.org/,1525 7TH STREET NW,Washington ,DC,20001,,,,,,Yes,,,,Yes,Yes,,Yes,,,,,,Yes,,,,Yes,,Yes,,,Yes,,,,,,Yes,,Yes,,Yes,,,65.928767,Men & Women,By Appointment,,2017-09-12T00:00:00.000Z,297622,38.91033198,-77.02162495,,,398124.44,138052.42,Ward 6
-77.01335305748043,38.905387342155855,5,Bright Beginnings,Early Child Care Program,,http://www.brightbeginningsinc.org/,128 M STREET NW,Washington ,DC,20001,,,,,,Yes,Yes,,,,,,,,,,,,,,,,,,,,,,,,,,,,,,,,,,90,Children,Yes,,2017-09-12T00:00:00.000Z,279016,38.90537989,-77.01335077,,,398841.99,137502.56,Ward 6
-76.986972351446326,38.881465920779391,6,Capital Hill Group Ministry,Shirley's Place,,www.chgm.net,1338 G STREET SE,Washington ,DC,20003,,,,,,,,,Yes,,,,,Yes,,,,,,,Yes,,,,,,Yes,,,Yes,,,Yes,,,,,,,Yes,,Individuals,,,2017-12-19T00:00:00.000Z,66900,38.88145847,-76.98697007,,,401130.56,134847.09,Ward 6
-77.023159474895294,38.926765559532754,7,Casa Ruby,Drop-Inn Safe Center,,http://www.casaruby.org/drop.html,2822 GEORGIA AVENUE NW,Washington ,DC,20001,,,,Yes,,Yes,,Yes,Yes,,,,,Yes,,,,,Yes,,,,Yes,,,,Yes,,,,,,,,,,,,,,25,Youth,Yes,,2017-12-19T00:00:00.000Z,232586,38.9267581,-77.02315718,Yes,,397992.01,139875.89,Ward 1
-77.025171705927463,38.89812168424919,8,Catholic Charities,Administrative Office,,https://www.catholiccharitiesdc.org/aboutus/our-mission/,924 G STREET NW,Washington ,DC,20001,,,,,,,,,,,,,,,,,,,Yes,,,,,,,,,,,,,,,,,,,,,,,Men & Women,By Appointment,,2017-09-12T00:00:00.000Z,285571,38.89811423,-77.02516941,,,397816.65,136696.23,Ward 2
-76.97462496596394,38.884317297879569,9,Catholic Charities,Harriet Tubman Day Program,,https://www.catholiccharitiesdc.org/harriettubman/,1910 MASSACHUSETTS AVENUE SE,Washington ,DC,20003,,,,,,Yes,,,,,,,,,,,,,Yes,,Yes,,,,,,Yes,,,,,,Yes,,,,,,,,100,Women,No,,2017-09-12T00:00:00.000Z,295134,38.88430985,-76.97462269,,,402201.81,135163.84,Ward 7
-76.99191950481665,38.932709457482126,10,Catholic Charities,Refugee Center,,https://www.catholiccharitiesdc.org/refugee/,1018 MONROE STREET NE,Washington ,DC,20017,,,,,,,,,,,,,,,,,,,Yes,,,,,,,,,,,,,,,,,,,,,Yes,,,,,2017-09-12T00:00:00.000Z,75480,38.932702,-76.99191722,,,400700.81,140535.49,Ward 5
-76.992086087192462,38.931319757315308,11,Catholic Charities,Anchor Counseling Services,,https://www.catholiccharitiesdc.org/behavioralhealth/,1001 LAWRENCE STREET NE,Washington ,DC,20017,,,,,,,,,,,,,,,,,,,,,,,,,,,,Yes,,,,,,,,Yes,,,,,,,,,2017-09-12T00:00:00.000Z,289589,38.9313123,-76.9920838,,,400686.38,140381.22,Ward 5
-77.011065459001671,38.898692209955883,12,Central Union Mission,Ministry Resource Center & Shelter,,http://www.missiondc.org/,65 MASSACHUSETTS AVENUE NW,Washington ,DC,20001,,,,,,,,Yes,,,,,Yes,,,,,Yes,,,,,,,,,,,,,,,,,,,,,,,25,Men,Yes,,2017-09-12T00:00:00.000Z,237153,38.89868476,-77.01106317,,,399040.32,136759.32,Ward 6
-77.039990697599521,38.9248554821976,13,Christ House,Medical Care & Housing Services,,http://christhouse.org/,1717 COLUMBIA ROAD NW,Washington ,DC,20009,,,Yes,,,Yes,,,,,,,,Yes,,,,Yes,,,,,,,Yes,,,,Yes,,,,,,,Yes,,,,,,Men & Women,By Appointment,,2017-09-12T00:00:00.000Z,235976,38.92484802,-77.0399884,,,396532.46,139664.36,Ward 1
-77.030472232353645,38.89866515751887,14,Church of the Epiphany,The Welcome Table,,http://epiphanydc.org/ministry/welcome-table/,1317 G STREET NW,Washington ,DC,20005,,,Yes,,,,,,,,,,,,,,,,,,,,,,,,Yes,,Yes,,,,,,,,,,,,28.571429,Men & Women,Yes,,2017-09-12T00:00:00.000Z,279048,38.89865771,-77.03046994,,,397356.87,136756.7,Ward 2
-77.02931560134158,38.904205143533446,15,Coalition for the Homeless,Administrative Office,,http://www.dccfh.org/,1234 MASSACHUSETTS AVENUE NW,Washington ,DC,20005,,,,,,,,,,,,,,,,,,Yes,,,,,,,,,,,,,,,,,,,,,,,,Men & Women,By Appointment,,2017-09-12T00:00:00.000Z,240920,38.90419769,-77.02931331,,,397457.4,137371.65,Ward 2
-76.994539516173589,38.883646999902858,16,Community Connections,Main Office,,http://www.communityconnectionsdc.org/,801 PENNSYLVANIA AVENUE SE,Washington ,DC,20003,,,,,,,,,,,,,,,,,,,Yes,,,,,,,,,,,,,,,,,,,,,,,Men & Women,,,2017-09-12T00:00:00.000Z,280150,38.88363955,-76.99453724,,,400473.97,135089.14,Ward 6
-76.996945286361068,38.885370842020372,17,Community Connections,The Center for Families and Children,,http://www.communityconnectionsdc.org/our-services/families-children,650 PENNSYLVANIA AVENUE SE,Washington ,DC,20003,,,,Yes,,Yes,,,,,,,,,,,,,,,,,,,,,,Yes,,,,,,,,,,,,,,Families,,,2017-09-12T00:00:00.000Z,280033,38.88536339,-76.996943,,,400265.23,135280.49,Ward 6
-77.015649961421943,38.896310234444947,18,Community Family Life Services,Emergency Services Program,,https://www.cflsdc.org/,305 E STREET NW,Washington ,DC ,20001,,,,,,Yes,,Yes,Yes,,Yes,,Yes,,,,,,,,,,,,,,,,,,,Yes,,,,,,,,,25,Men & Women,Yes,,2017-09-12T00:00:00.000Z,279657,38.89630278,-77.01564767,,,398642.59,136494.96,Ward 2
-77.013299219786091,38.895511573694989,19,Community for Creative Non-Violence,The Mitch Snyder Center for Arts and Education,,http://www.theccnv.org/contact.htm,425 2ND STREET NW,Washington ,DC,20001,,,,,,Yes,,Yes,Yes,,,,Yes,,,,,,,,Yes,,,,,Yes,Yes,,,,,,Yes,,Yes,,,,,Yes,137.714286,Men & Women,No,,2017-09-12T00:00:00.000Z,299726,38.89550412,-77.01329693,,,398846.5,136406.27,Ward 6
-77.027062906259019,38.966921389443428,20,Contemporary Family Services,Headquarters,,https://contemporaryservices.net/,6323 GEORGIA AVENUE NW,Washington ,DC,20011,,,,,,,,,,,,,,,,,,,,,,,,,,,,Yes,,,,,,,,,,,,,,Families,,,2017-09-12T00:00:00.000Z,254165,38.96691392,-77.02706061,,,397654.86,144333.64,Ward 4
-76.98982866632619,38.865930134482369,21,Contemporary Family Services,Service Location,,https://contemporaryservices.net/programs-and-services/,2041 MARTIN LUTHER KING JR AVENUE SE,Washington ,DC,20020,,,,,,,,,,,,,,,,,,,,,,,,,,,,Yes,,,,,,,,,,,,,,Families,,,2017-09-12T00:00:00.000Z,278056,38.86592269,-76.98982639,,,400882.92,133122.47,Ward 8
-76.965579235125233,38.876288234835513,22,Contemporary Family Services,Service Location,,https://contemporaryservices.net/programs-and-services/,2918 MINNESOTA AVENUE SE,Washington ,DC,20019,,,,,,,,,,,,,,,,,,,,,,,,,,,,Yes,,,,,,,,,,,,,,Families,,,2017-09-12T00:00:00.000Z,287326,38.87628078,-76.96557696,,,402986.98,134272.81,Ward 7
-76.95814841237241,38.8686708238465,23,Contemporary Family Services,Main Office,,https://contemporaryservices.net/programs-and-services/,3300 PENNSYLVANIA AVENUE SE,Washington ,DC,20020,,,,,,,,,,,,,,,,,,,,,,,,,,,,Yes,,,,,,,,,,,,,,Families,,,2017-09-12T00:00:00.000Z,287806,38.86866337,-76.95814614,,,403632.16,133427.49,Ward 7
-76.929014665762381,38.897201543888571,24,Contemporary Family Services,Service Location,,https://contemporaryservices.net/programs-and-services/,603 50TH STREET NE,Washington ,DC,20019,,,,,,,,,,,,,,,,,,,,,,,,,,,,Yes,,,,,,,,,,,,,,Families,,,2017-09-12T00:00:00.000Z,300384,38.89719409,-76.9290124,,,406157.98,136596.18,Ward 7
-76.974234424702516,38.843603582453298,25,Covenant House,Resource Center,,http://covenanthousedc.org/,2001 MISSISSIPPI AVENUE SE,Washington ,DC,20020,,,,Yes,,Yes,,Yes,,,Yes,,,,,,,,Yes,,,,Yes,,,,Yes,,,,,,Yes,,,,,,,,,Youth,,,2017-09-12T00:00:00.000Z,295846,38.84359614,-76.97423215,,,402236.97,130644.33,Ward 8
-77.007061818512753,38.909455701663397,26,Department of Behavioral Health,Assessment and Referral Center (ARC),,https://dbh.dc.gov/service/treatment-services,75 P STREET NE,Washington ,DC,20002,,,,Yes,,,,,,,,,,,,,Yes,,,,,,,,,,,,,,,,,,,Yes,,,,,,,,,2017-09-12T00:00:00.000Z,313290,38.90944791,-77.00705953,,,399387.71,137954.12,Ward 5
-76.97487854623607,38.919629752981223,27,Department of Human Services,Adams Place Drop-In Center,,https://dcdhs.dc.gov/page/drop-center,2210 ADAMS PLACE NE,Washington ,DC,20018,,,,,,Yes,,Yes,Yes,,,,,,Yes,,,,Yes,,Yes,,,,,,Yes,,,,,,Yes,,,,,,,Yes,125,Men & Women,Yes,,2017-09-12T00:00:00.000Z,50358,38.91962229,-76.97487627,,,402178.73,139083.8,Ward 5
-77.006965864442563,38.909181673565243,28,Department of Human Services,Family Services Administration,,https://dcdhs.dc.gov/service/homeless-and-homeless-prevention-services,64 NEW YORK AVENUE NE,Washington ,DC,20002,,,,Yes,,,,,,,,,,,,,,Yes,,,,,,,,,,,,,,,,,,,,,,,,Men & Women,,,2017-09-12T00:00:00.000Z,289616,38.90917422,-77.00696358,,,399396.03,137923.7,Ward 5
-77.027250124171019,38.941114185370495,29,Department of Human Services,Taylor Street Service Center,,https://dcdhs.dc.gov/node/117522,1207 TAYLOR STREET NW,Washington ,DC,20011,,,,,,,,,,,,,,,,,,,,,,,,,,,,,,,,,,Yes,,,,Yes,,,,Men & Women,,,2017-09-12T00:00:00.000Z,283934,38.94110672,-77.02724783,,,397637.78,141468.81,Ward 4
-76.989240045016047,38.865445699309653,30,Department of Human Services,Anacostia Service Center,,https://dcdhs.dc.gov/node/117522,2100 MARTIN LUTHER KING JR AVENUE SE,Washington ,DC,20020,,,,,,,,,,,,,,,,,,,,,,,,,,,,,,,,,,Yes,,,,Yes,,,,Men & Women,,,2017-09-12T00:00:00.000Z,51883,38.86543825,-76.98923777,,,400934.01,133068.7,Ward 8
-76.949950907794275,38.866128667173228,31,Department of Human Services,Fort Davis Service Center,,https://dcdhs.dc.gov/node/117522,3851 ALABAMA AVENUE SE,Washington ,DC,20020,,,,,,,,,,,,,,,,,,,,,,,,,,,,,,,,,,Yes,,,,Yes,,,,Men & Women,,,2017-09-12T00:00:00.000Z,278434,38.86612122,-76.94994864,,,404343.71,133145.65,Ward 7
-77.008151402382893,38.829994452692382,32,Department of Human Services,Congress Heights Service Center,,https://dcdhs.dc.gov/node/117522,4049 SOUTH CAPITOL STREET SW,Washington ,DC,20032,,,,,,,,,,,,,,,,,,,,,,,,,,,,,,,,,,Yes,,,,Yes,,,,Men & Women,,,2017-09-12T00:00:00.000Z,289187,38.82998701,-77.00814912,,,399292.42,129133.34,Ward 8
-76.996455865738866,38.899982227448604,33,Department of Human Services,H Street Service Center,,https://dcdhs.dc.gov/node/117522,645 H STREET NE,Washington ,DC,20002,,,,,,,,,,,,,,,,,,,,,,,,,,,,,,,,,,Yes,,,,Yes,,,,Men & Women,,,2017-09-12T00:00:00.000Z,288821,38.89997477,-76.99645358,,,400307.63,136902.47,Ward 6
-76.993054464400061,38.922569321016049,34,Department of Human Services,Virginia Williams Family Resource Center,,https://dcdhs.dc.gov/page/virginia-williams-family-resource-center,920 RHODE ISLAND AVENUE NE,Washington ,DC,20018,,,,,,,,,,,,Yes,,,,,,,,,,,,,,,,,,,,,,,,,,,,,,Families,,,2017-09-12T00:00:00.000Z,289074,38.92256186,-76.99305218,,,400602.49,139409.84,Ward 5
-77.018214358417936,38.879027465600977,35,District Alliance for Safe Housing (DASH),Housing Resource Center,,http://dashdc.org/,400 I STREET SW,Washington ,DC,20024,,,,,,Yes,,,,,,Yes,,,,,,,Yes,,,,,,,,,,,,,,,,,,,,,,,Women,,,2017-09-12T00:00:00.000Z,150785,38.87902002,-77.01821207,,,398419.75,134576.48,Ward 6
-77.025568303935529,38.898550756541731,36,First Congregational UCC,Drop-In Center (Downtown),,http://www.firstuccdc.org/2016/09/second-sunday-offering-september-11/,945 G STREET NW,Washington ,DC,20001,,,,Yes,,Yes,,,Yes,,,,,,,,,,,,,,,,Yes,,Yes,,,,,,,,,,,,,,30,Youth,Yes,,2017-09-12T00:00:00.000Z,278832,38.8985433,-77.02556601,,,397782.26,136743.87,Ward 2
-77.036881792122813,38.910041401235098,37,Foundry United Methodist,ID & Walk-In Ministry,,http://www.foundryumc.org/walk-mission,1500 16TH STREET NW,Washington ,DC,20036,,,,,,,,Yes,,,Yes,,,,,,,,,,,,,,,,Yes,,,,,,,,,,,,,,36,Men & Women,Yes,,2017-09-12T00:00:00.000Z,243309,38.91003395,-77.0368795,,,396801.38,138019.76,Ward 2
-77.080638880345589,38.951373405672172,38,Friendship Place,Drop-In Center & Clinic,,https://friendshipplace.org/drop-in-and-clinic/,4713 WISCONSIN AVENUE NW,Washington ,DC,20016,,,,,,Yes,,,Yes,,,,,,,,,,,,Yes,,,,Yes,,Yes,,,,,,Yes,,,,,,,,40,Men & Women,Yes,,2017-09-12T00:00:00.000Z,274422,38.95136594,-77.08063657,,,393010.31,142610.41,Ward 3
-77.062025248014692,38.903581499779662,39,Georgetown Ministry Center,Clubhouse Drop-In Center,,https://georgetownministrycenter.org/programs/clubhouse/,1041 WISCONSIN AVENUE NW,Washington ,DC,20007,,,Yes,,,Yes,,,Yes,,,,,Yes,,,,,,,Yes,,,,Yes,Yes,Yes,,,Yes,,Yes,Yes,,,,,,,,60,Men & Women,Yes,,2017-09-12T00:00:00.000Z,273796,38.90357405,-77.06202295,,,394620.16,137303.84,Ward 2
-76.993385636924955,38.900420620980498,40,HIPS,Drop-In Center,,http://www.hips.org/how-we-improve-lives.html,906 H STREET NE,Washington ,DC,20002,,,Yes,,,,,,Yes,,,,,,,Yes,Yes,,,,Yes,,,,Yes,,Yes,,,,,,Yes,,,,,,,,,Men & Women,By Appointment,,2017-12-19T00:00:00.000Z,151203,38.90041317,-76.99338336,Yes,,400573.95,136951.15,Ward 6
-77.032602831319778,38.906478881319259,41,House of Ruth,Childcare Center,,https://houseofruth.org/our-programs/childcare-center/,5 THOMAS CIRCLE NW,Washington ,DC,20005,,,,,,Yes,Yes,,,,,,,,,,,,,,,,,,,,,,,,,,,,,,,,,,25,Children,No,,2017-09-12T00:00:00.000Z,243014,38.90647143,-77.03260054,,,397172.36,137624.15,Ward 2
-77.036555227952206,38.881395164501996,42,Jefferson Memorial,Public Restrooms,,https://dcdhs.dc.gov/page/downtown-washington-dc-public-restrooms,701 EAST BASIN DRIVE SW,Washington ,DC,20004,,,,,,,,,,,,,,,,,,,,,,,,,,,,,,,Yes,,,,,,,,,,,Men & Women,,,2017-09-12T00:00:00.000Z,313482,38.88138738,-77.03655293,,,396828.43,134839.79,Ward 2
-77.019901721878682,38.892766455223736,43,Lafayette Square,Public Restrooms,,https://dcdhs.dc.gov/page/downtown-washington-dc-public-restrooms,PENNSYLVANIA AVENUE NW AND 6TH STREET NW,Washington ,DC,,,,,,,,,,,,,,,,,,,,,,,,,,,,,,,,Yes,,,,,,,,,,,Men & Women,,,2017-09-12T00:00:00.000Z,900353,38.892759,-77.01989943,,,398273.67106835,136101.64437973,
-77.035829179179657,38.92829107297171,44,Latin American Youth Center (LYAC),DC Safe Housing Drop-In Center,,http://www.layc-dc.org/what-we-do/safe-housing/outreach-intake/,3045 15TH STREET NW,Washington ,DC,20009,,,,Yes,,Yes,,Yes,Yes,,,,Yes,,,,,Yes,Yes,,Yes,,,,,,,Yes,,,,Yes,Yes,,Yes,,,,,Yes,,Youth,Yes,,2017-09-12T00:00:00.000Z,289222,38.92828361,-77.03582688,,,396893.47,140045.59,Ward 1
-77.050162876296582,38.889222723103131,45,Lincoln Memorial,Public Restrooms,,https://dcdhs.dc.gov/page/downtown-washington-dc-public-restrooms,2 LINCOLN MEMORIAL CIRCLE SW,Washington ,DC,20004,,,,,,,,,,,,,,,,,,,,,,,,,,,,,,,Yes,,,,,,,,,,,Men & Women,,,2017-09-12T00:00:00.000Z,313464,38.88921494,-77.05016058,,,395648.22,135709.27,Ward 2
-76.94845753252099,38.8955287067173,46,MBI,Intake Center,,http://www.mbihs.com/what-we-offer/free-standing-mental-health-clinic-0024-core,4017 MINNESOTA AVENUE NE,Washington ,DC,20019,,,,Yes,,,,,,,,,,,,,,,,,,,,,,,,Yes,,,,,,,,,,,,,,Men & Women,Yes,,2017-09-12T00:00:00.000Z,27916,38.89552125,-76.94845527,,,404471.47,136409.35,Ward 7
-77.031215557043865,38.899983515181702,47,McClendon Center,Day Program,,http://mcclendoncenter.org/programs/day-program/,1313 NEW YORK AVENUE NW,Washington ,DC,20005,,,Yes,Yes,,,,,,,,,,Yes,,,,,,,,,,,,,Yes,Yes,,,,,,,,Yes,,,Yes,,,Men & Women,Yes,,2017-09-12T00:00:00.000Z,279043,38.89997606,-77.03121326,,,397292.44,136903.07,Ward 2
-77.051963293554564,38.89853884428846,48,Miriam's Kitchen,Meals Program,,https://miriamskitchen.org/,2401 VIRGINIA AVENUE NW,Washington ,DC,20037,,,,,,Yes,,,,,,,,,,,,,Yes,,,,,,,,Yes,,,,,,,,,,,,,,150,Men & Women,Yes,,2017-09-12T00:00:00.000Z,218135,38.89853139,-77.05196099,,,395492.61,136743.52,Ward 2
-77.033561938020512,38.916500930891459,49,My Sister's Place,Administrative Office,,https://mysistersplacedc.org/,1436 U STREET NW,Washington ,DC,20009,,,,,,,,,,,,Yes,,,,,,Yes,,,,,,,,,,,,,,,,,,,,,,,,Women,By Appointment,,2017-09-12T00:00:00.000Z,301293,38.91649347,-77.03355964,,,397089.58,138736.71,Ward 2
-77.031427907343996,38.907573537583936,50,N Street Village,Bethany Women's Day Center,,http://www.nstreetvillage.org/about-the-village/programs-impact/healthy-meals-basic-needs/,1333 N STREET NW,Washington ,DC,20005,,,,,,Yes,,Yes,Yes,,,,,,,,,Yes,Yes,,Yes,,Yes,,Yes,,Yes,,,,,,Yes,,,,,,,Yes,75,Women,Yes,,2017-09-12T00:00:00.000Z,298405,38.90756608,-77.03142561,,,397274.31,137745.63,Ward 2
-77.017553525435176,38.897762562776357,51,National Building Museum,Public Restrooms,,https://dcdhs.dc.gov/page/downtown-washington-dc-public-restrooms,401 F STREET NW,Washington ,DC,20001,,,,,,,,,,,,,,,,,,,,,,,,,,,,,,,Yes,,,,,,,,,,,Men & Women,,,2017-09-12T00:00:00.000Z,242924,38.89775511,-77.01755124,,,398477.49,136656.21,Ward 2
-76.983622240282401,38.92601108975888,84,Department of Veterans Affairs,Community Resource & Referral Center,,https://www.washingtondc.va.gov/locations/Community_Resource_and_Referral_Center_CRRC.asp,1500 FRANKLIN STREET NE,Washington,DC,20018,,,,,,Yes,,,,,Yes,,Yes,,,,,,,,Yes,,,,Yes,,,,,,,,,,,,,,,,,Men & Women,Yes,,2017-09-12T00:00:00.000Z,62549,38.92600363,-76.98361996,,,401420.35,139792.01,Ward 5
-76.994539516173589,38.883646999902858,85,The Community Partnership,Administrative Offices,,http://www.community-partnership.org/,801 PENNSYLVANIA AVENUE SE,Washington,DC,20003,,,,,,,,,,,,,,,,,,,,,,,,,,,,,,,,,,,,,,,,,,Men & Women,No,,2017-09-12T00:00:00.000Z,280150,38.88363955,-76.99453724,,,400473.97,135089.14,Ward 6
-76.978627807395,38.865915649665851,86,DC Public Library,Anacostia Library,,https://www.dclibrary.org/node/10364,1800 GOOD HOPE ROAD SE,Washington,DC,20020,,,,,Yes,,,,Yes,,,,,,,,,,,Yes,,Yes,,,,,,,,,,,,,,,,,,Yes,,Men & Women,Yes,,2017-09-12T00:00:00.000Z,53560,38.8659082,-76.97862553,,,401854.99,133121.03,Ward 8
-76.929579473743573,38.888962286299922,87,DC Public Library,Capitol View Library,,https://www.dclibrary.org/node/10368,5001 CENTRAL AVENUE SE,Washington,DC,20019,,,,,Yes,,,,Yes,,,,,,,,,,,,,Yes,,,,,,,,,,,,,,,,,,Yes,,Men & Women,Yes,,2017-09-12T00:00:00.000Z,15509,38.88895483,-76.92957721,,,406109.69,135681.52,Ward 7
-76.93215784256401,38.908452418628208,88,DC Public Library,Deanwood Library,,https://www.dclibrary.org/node/10374,1350 49TH STREET NE,Washington,DC,20019,,,,,Yes,,,,Yes,,,,,,,,,,,Yes,,Yes,,,,,,,,,,,,,,,,,,Yes,,Men & Women,Yes,,2017-09-12T00:00:00.000Z,307551,38.90844496,-76.93215558,,,405884.39,137844.91,Ward 7
-76.999586604746767,38.95513559548462,89,DC Public Library,Lamond-Riggs Library,,https://www.dclibrary.org/node/10382,5401 SOUTH DAKOTA AVENUE NE,Washington,DC,20011,,,,,Yes,,,,Yes,,,,,,,,,,,Yes,,Yes,,,,,,,,,,,,,,,,,,Yes,,Men & Women,Yes,,2017-09-12T00:00:00.000Z,288645,38.95512813,-76.99958432,,,400036.03,143024.96,Ward 5
-77.037146898072137,38.93047517731376,90,DC Public Library,Mt. Pleasant Library,,https://www.dclibrary.org/node/10386,3160 16TH STREET NW,Washington,DC,20010,,,,,Yes,,,,Yes,,,,,,,,,,,,,Yes,,,,,,,,,,,,,,,,,,Yes,,Men & Women,Yes,,2017-09-12T00:00:00.000Z,295138,38.93046772,-77.0371446,,,396779.31,140288.09,Ward 1
-77.097176952912946,38.918389252467243,91,DC Public Library,Palisades Library,,https://www.dclibrary.org/node/10392,4901 V STREET NW,Washington,DC,20007,,,,,Yes,,,,Yes,,,,,,,,,,,,,Yes,,,,,,,,,,,,,,,,,,Yes,,Men & Women,Yes,,2017-09-12T00:00:00.000Z,224474,38.9183818,-77.09717464,,,391572.87,138950.28,Ward 3
-76.979136311398634,38.897819402449741,92,DC Public Library,Rosedale Library,,https://www.dclibrary.org/node/32566,1701 GALES STREET NE,Washington,DC,20002,,,,,Yes,,,,Yes,,,,,,,,,,,,,Yes,,,,,,,,,,,,,,,,,,Yes,,Men & Women,Yes,,2017-09-12T00:00:00.000Z,307101,38.89781195,-76.97913403,,,401810.05,136662.58,Ward 6
-76.996517740394992,38.884091909699961,93,DC Public Library,Southeast Library,,https://www.dclibrary.org/node/10398,403 7TH STREET SE,Washington,DC,20003,,,,,Yes,,,,Yes,,,,,,,,,,,,,Yes,,,,,,,,,,,,,,,,,,Yes,,Men & Women,Yes,,2017-09-12T00:00:00.000Z,280068,38.88408446,-76.99651546,,,400302.33,135138.52,Ward 6
-77.079889064489862,38.947615846003863,94,DC Public Library,Tenley-Friendship Library,,https://www.dclibrary.org/node/10404,4450 WISCONSIN AVENUE NW,Washington,DC,20016,,,,,Yes,,,,Yes,,,,,,,,,,,,,Yes,,,,,,,,,,,,,,,,,,Yes,,Men & Women,Yes,,2017-09-12T00:00:00.000Z,284921,38.94760839,-77.07988675,,,393074.94,142193.23,Ward 3
-77.009367186108292,38.831333289666382,95,DC Public Library,Bellevue Library,,https://www.dclibrary.org/node/10406,115 ATLANTIC STREET SW,Washington,DC,20032,,,,,Yes,,,,Yes,,,,,,,,,,,Yes,,Yes,,,,,,,,,,,,,,,,,,Yes,,Men & Women,Yes,,2017-09-12T00:00:00.000Z,302935,38.83132585,-77.0093649,,,399186.87,129281.97,Ward 8
-77.075459027084378,38.965576951202834,96,DC Public Library,Chevy Chase Library,,https://www.dclibrary.org/node/10370,5625 CONNECTICUT AVENUE NW,Washington,DC,20015,,,,,Yes,,,,Yes,,,,,,,,,,,,,Yes,,,,,,,,,,,,,,,,,,Yes,,Men & Women,Yes,,2017-09-12T00:00:00.000Z,263960,38.96556949,-77.07545672,,,393460.61,144186.75,Ward 3
-76.954203480108959,38.864879053411599,97,DC Public Library,Francis A. Gregory Library,,https://www.dclibrary.org/node/10376,3660 ALABAMA AVENUE SE,Washington,DC,20020,,,,,Yes,,,,Yes,,,,,,,,,,,,,Yes,,,,,,,,,,,,,,,,,,Yes,,Men & Women,Yes,,2017-09-12T00:00:00.000Z,290019,38.8648716,-76.95420121,,,403974.72,133006.74,Ward 7
-77.044550214634967,38.902192364658575,98,DC Public Library,Library Express,,https://www.dclibrary.org/node/56917,1990 K STREET NW,Washington,DC,20006,Yes,Yes,,,Yes,,,,Yes,,,,,,,,,,,,,Yes,,,,,,,,,,,,,,,,,,Yes,,Men & Women,Yes,,2017-09-12T00:00:00.000Z,218576,38.90218491,-77.04454792,,,396135.86,137148.75,Ward 2
-76.996361272568578,38.894414334422912,99,DC Public Library,Northeast Library,,https://www.dclibrary.org/node/10388,330 7TH STREET NE,Washington,DC,20002,,,,,Yes,,,,Yes,,,,,,,,,,,,,Yes,,,,,,,,,,,,,,,,,,Yes,,Men & Women,Yes,,2017-09-12T00:00:00.000Z,37106,38.89440688,-76.99635899,,,400315.86,136284.39,Ward 6
-76.981253592330461,38.846194308105972,100,DC Public Library,Parklands-Turner Library,,https://www.dclibrary.org/node/10394,1547 ALABAMA AVENUE SE,Washington,DC,20032,,,,,Yes,,,,Yes,,,,,,,,,,,,,Yes,,,,,,,,,,,,,,,,,,Yes,,Men & Women,Yes,,2017-09-12T00:00:00.000Z,304504,38.84618686,-76.98125132,,,401627.56,130931.77,Ward 8
-77.022220648406119,38.912449616289756,101,DC Public Library,Shaw Library,,https://www.dclibrary.org/node/10408,1630 7TH STREET NW,Washington,DC,20001,,,,,Yes,,,,Yes,,,,,,,,,,,Yes,,Yes,,,,,,,,,,,,,,,,,,Yes,,Men & Women,Yes,,2017-09-12T00:00:00.000Z,308201,38.91244216,-77.02221836,,,398073.03,138286.68,Ward 6
-77.015834068539846,38.878705402196999,102,DC Public Library,Southwest Library,,https://www.dclibrary.org/node/10400,900 WESLEY PLACE SW,Washington,DC,20024,,,,,Yes,,,,Yes,,,,,,,,,,,Yes,,Yes,,,,,,,,,,,,,,,,,,Yes,,Men & Women,Yes,,2017-09-12T00:00:00.000Z,295165,38.87869795,-77.01583178,,,398626.28,134540.69,Ward 6
-77.054860116048545,38.899387729142582,103,DC Public Library,West End Library,,https://www.dclibrary.org/node/10410,2522 VIRGINIA AVENUE NW,Washington,DC,20037,,,,,Yes,,,,Yes,,,,,,,,,,,,,Yes,,,,,,,,,,,,,,,,,,Yes,,Men & Women,Yes,,2017-09-12T00:00:00.000Z,300836,38.89938028,-77.05485782,,,395241.38,136837.9,Ward 2
-76.947773320419955,38.894188678043136,104,DC Public Library,Bening Library,,https://www.dclibrary.org/node/10366,3935 BENNING ROAD NE,Washington,DC,20019,,,,,Yes,,,,Yes,,,,,,,,,,,,,Yes,,,,,,,,,,,,,,,,,,Yes,,Men & Women,Yes,,2017-09-12T00:00:00.000Z,295144,38.89418122,-76.94777105,,,404530.91,136260.63,Ward 7
-77.065203292337216,38.946233089840113,105,DC Public Library,Cleveland Park Library,,https://www.dclibrary.org/node/10372,4340 CONNECTICUT AVENUE NW,Washington,DC,20008,,,,,Yes,,,,Yes,,,,,,,,,,,,,Yes,,,,,,,,,,,,,,,,,,Yes,,Men & Women,Yes,,2017-09-12T00:00:00.000Z,223153,38.94622563,-77.06520099,,,394347.88,142038.72,Ward 3
-77.066009610754705,38.913442017065826,106,DC Public Library,Georgetown Library,,https://www.dclibrary.org/node/10378,3260 R STREET NW,Washington,DC,20007,,,,,Yes,,,,Yes,,,,,,,,,,,Yes,,Yes,,,,,,,,,,,,,,,,,,Yes,,Men & Women,Yes,,2017-09-12T00:00:00.000Z,295142,38.91343456,-77.06600731,,,394275.35,138398.68,Ward 2
-77.024768545489493,38.898699116427309,107,DC Public Library,MLK Jr. Library,,https://www.dclibrary.org/node/56887,901 G STREET NW,Washington,DC,20001,,,,,Yes,,,,Yes,,,,,,,,,,,,,Yes,,,,,,,,,,,,,,,,,,Yes,,Men & Women,Yes,,2017-09-12T00:00:00.000Z,239815,38.89869166,-77.02476625,,,397851.64,136760.32,Ward 2
-77.013619115923632,38.90401020455019,108,DC Public Library,Northwest One Library,,https://www.dclibrary.org/node/10390,155 L STREET NW,Washington,DC,20001,,,,,Yes,,,,Yes,,,,,,,,,,,,,Yes,,,,,,,,,,,,,,,,,,Yes,,Men & Women,Yes,,2017-09-12T00:00:00.000Z,307736,38.90400275,-77.01361683,,,398818.89,137349.69,Ward 6
-77.026139719672315,38.942207685179049,109,DC Public Library,Petworth Library,,https://www.dclibrary.org/node/10396,4200 KANSAS AVENUE NW,Washington,DC,20011,,,,,Yes,,,,Yes,,,,,,,,,,,Yes,,Yes,,,,,,,,,,,,,,,,,,Yes,,Men & Women,Yes,,2017-09-12T00:00:00.000Z,295146,38.94220022,-77.02613743,,,397734.08,141590.17,Ward 4
-77.027037745680673,38.980288354068108,110,DC Public Library,Shepherd Park Library,,https://www.dclibrary.org/node/10380,7420 GEORGIA AVENUE NW,Washington,DC,20012,,,,,Yes,,,,Yes,,,,,,,,,,,,,Yes,,,,,,,,,,,,,,,,,,Yes,,Men & Women,Yes,,2017-09-12T00:00:00.000Z,253522,38.98028088,-77.02703545,,,397657.48,145817.5,Ward 4
-77.020159161307575,38.974444213197458,111,DC Public Library,Takoma Library,,https://www.dclibrary.org/node/10402,416 CEDAR STREET NW,Washington,DC,20012,,,,,Yes,,,,Yes,,,,,,,,,,,,,Yes,,,,,,,,,,,,,,,,,,Yes,,Men & Women,Yes,,2017-09-12T00:00:00.000Z,251267,38.97443675,-77.02015687,,,398253.34,145168.59,Ward 4
-76.978627934199409,38.927448190698463,112,DC Public Library,Woodridge Library,,https://www.dclibrary.org/node/10412,1801 HAMLIN STREET NE,Washington,DC,20018,,,,,Yes,,,,Yes,,,,,,,,,,,Yes,,Yes,,,,,,,,,,,,,,,,,,Yes,,Men & Women,Yes,,2017-09-12T00:00:00.000Z,286483,38.92744073,-76.97862566,,,401853.38,139951.63,Ward 5
-77.028332674041906,38.916746982259397,113,The Washington Legal Clinic for the Homeless,Legal Assistance Project,,http://www.legalclinic.org/,1200 U STREET NW,Washington ,DC,20009,,,,,,,,,,,,,,,,,,,,,,,Yes,,,,,,,,,,,,,,,,,,,Men & Women,Yes,,2017-12-19T00:00:00.000Z,240812,38.91673953,-77.02833038,,202-328-5500,397543.09,138763.87,Ward 1
-77.009662310286373,38.901564199672777,114,The Father McKenna Center,Day Shelter Program,,http://www.fathermckennacenter.org/programs/homeless-day-shelter/,19 I STREET NW,Washington ,DC,20001,,,,,,Yes,,Yes,Yes,,,,,Yes,,,,,Yes,,Yes,,,,,,Yes,,Yes,Yes,,,Yes,,,,,,Yes,,100,Men,Yes,,2017-09-12T00:00:00.000Z,279445,38.901557,-77.00966,,,399162.07,137078.12,Ward 6
-77.006965858677702,38.909181673565605,115,Department of Human Services,Shelter Hotline,,https://dhs.dc.gov/service/hypo-hyperthermia-watch,64 NEW YORK AVENUE NE,Washington ,DC,20002,Yes,,,,,,,,,,,,,,,,,,,,,,,,,,,,,,,,,,,,,,Yes,,,Men & Women,,24 Hours,2017-12-19T00:00:00.000Z,289616,38.909174,-77.006964,,202-399-7093,399396.03,137923.7,Ward 5
